{"972":{"nom":"MARTINIQUE (972)","priceAc_value":3.0697723156,"priceAc_year":2023,"priceEp_value":2.936282761,"priceEp_year":2023,"priceTotal_value":6.0060550765,"priceTotal_year":2023},"2A":{"nom":"CORSE-DU-SUD (2A)","priceAc_value":2.3919554174,"priceAc_year":2023,"priceEp_value":2.4215772552,"priceEp_year":2023,"priceTotal_value":4.8135326726,"priceTotal_year":2023},"2B":{"nom":"HAUTE-CORSE (2B)","priceAc_value":1.22,"priceAc_year":2024,"priceEp_value":1.6643959259,"priceEp_year":2024,"priceTotal_value":2.8843959259,"priceTotal_year":2024},"01":{"nom":"AIN (01)","priceAc_value":2.349613364,"priceAc_year":2023,"priceEp_value":2.2506693452,"priceEp_year":2023,"priceTotal_value":4.6002827092,"priceTotal_year":2023},"03":{"nom":"ALLIER (03)","priceAc_value":2.3016049739,"priceAc_year":2023,"priceEp_value":2.760058228,"priceEp_year":2023,"priceTotal_value":5.0616632018,"priceTotal_year":2023},"07":{"nom":"ARDECHE (07)","priceAc_value":2.2710943516,"priceAc_year":2023,"priceEp_value":2.7089595465,"priceEp_year":2023,"priceTotal_value":4.980053898,"priceTotal_year":2023},"15":{"nom":"CANTAL (15)","priceAc_value":2.1213917811,"priceAc_year":2023,"priceEp_value":2.01,"priceEp_year":2024,"priceTotal_value":4.4751034118,"priceTotal_year":2023},"26":{"nom":"DROME (26)","priceAc_value":3.1745467836,"priceAc_year":2024,"priceEp_value":2.45,"priceEp_year":2024,"priceTotal_value":5.6245467836,"priceTotal_year":2024},"38":{"nom":"ISERE (38)","priceAc_value":1.6,"priceAc_year":2024,"priceEp_value":1.83,"priceEp_year":2024,"priceTotal_value":3.43,"priceTotal_year":2024},"42":{"nom":"LOIRE (42)","priceAc_value":2.2959682822,"priceAc_year":2023,"priceEp_value":2.5665100645,"priceEp_year":2023,"priceTotal_value":4.8624783467,"priceTotal_year":2023},"43":{"nom":"HAUTE-LOIRE (43)","priceAc_value":2.0864257316,"priceAc_year":2023,"priceEp_value":2.4311823194,"priceEp_year":2023,"priceTotal_value":4.5176080509,"priceTotal_year":2023},"63":{"nom":"PUY-DE-DOME (63)","priceAc_value":2.1508223204,"priceAc_year":2023,"priceEp_value":2.3007622669,"priceEp_year":2023,"priceTotal_value":4.4515845873,"priceTotal_year":2023},"69":{"nom":"RHONE (69)","priceAc_value":1.7750408772,"priceAc_year":2023,"priceEp_value":2.2632349752,"priceEp_year":2023,"priceTotal_value":4.0382758523,"priceTotal_year":2023},"73":{"nom":"SAVOIE (73)","priceAc_value":2.395407692,"priceAc_year":2023,"priceEp_value":1.5,"priceEp_year":2024,"priceTotal_value":4.7903164382,"priceTotal_year":2023},"74":{"nom":"HAUTE-SAVOIE (74)","priceAc_value":2.4460566521,"priceAc_year":2023,"priceEp_value":2.3402723826,"priceEp_year":2023,"priceTotal_value":4.7863290347,"priceTotal_year":2023},"18":{"nom":"CHER (18)","priceAc_value":2.05,"priceAc_year":2024,"priceEp_value":2.5744951227,"priceEp_year":2023,"priceTotal_value":5.415202976,"priceTotal_year":2023},"28":{"nom":"EURE-ET-LOIR (28)","priceAc_value":3.0222226311,"priceAc_year":2023,"priceEp_value":2.9735254237,"priceEp_year":2024,"priceTotal_value":5.9020721302,"priceTotal_year":2023},"36":{"nom":"INDRE (36)","priceAc_value":2.6435443038,"priceAc_year":2024,"priceEp_value":3.4481521322,"priceEp_year":2024,"priceTotal_value":6.091696436,"priceTotal_year":2024},"37":{"nom":"INDRE-ET-LOIRE (37)","priceAc_value":2.0119230769,"priceAc_year":2024,"priceEp_value":2.310904857,"priceEp_year":2024,"priceTotal_value":4.3228279339,"priceTotal_year":2024},"41":{"nom":"LOIR-ET-CHER (41)","priceAc_value":3.03,"priceAc_year":2024,"priceEp_value":2.4912265053,"priceEp_year":2024,"priceTotal_value":5.5212265053,"priceTotal_year":2024},"45":{"nom":"LOIRET (45)","priceAc_value":2.6462340195,"priceAc_year":2024,"priceEp_value":1.9133773489,"priceEp_year":2024,"priceTotal_value":4.5596113684,"priceTotal_year":2024},"16":{"nom":"CHARENTE (16)","priceAc_value":2.8062777009,"priceAc_year":2023,"priceEp_value":2.6057616554,"priceEp_year":2023,"priceTotal_value":5.4120393563,"priceTotal_year":2023},"17":{"nom":"CHARENTE-MARITIME (17)","priceAc_value":2.27,"priceAc_year":2024,"priceEp_value":2.3284873023,"priceEp_year":2023,"priceTotal_value":5.185773944,"priceTotal_year":2023},"19":{"nom":"CORREZE (19)","priceAc_value":2.702525069,"priceAc_year":2023,"priceEp_value":2.4413675214,"priceEp_year":2024,"priceTotal_value":5.1366651188,"priceTotal_year":2023},"23":{"nom":"CREUSE (23)","priceAc_value":3.92,"priceAc_year":2024,"priceEp_value":2.03,"priceEp_year":2024,"priceTotal_value":5.95,"priceTotal_year":2024},"24":{"nom":"DORDOGNE (24)","priceAc_value":3.1211764706,"priceAc_year":2024,"priceEp_value":2.7595486942,"priceEp_year":2023,"priceTotal_value":5.6740541275,"priceTotal_year":2023},"33":{"nom":"GIRONDE (33)","priceAc_value":2.2798027037,"priceAc_year":2023,"priceEp_value":2.2421390647,"priceEp_year":2023,"priceTotal_value":4.5219417684,"priceTotal_year":2023},"40":{"nom":"LANDES (40)","priceAc_value":1.61,"priceAc_year":2024,"priceEp_value":1.79,"priceEp_year":2024,"priceTotal_value":3.4,"priceTotal_year":2024},"47":{"nom":"LOT-ET-GARONNE (47)","priceAc_value":3.0354401723,"priceAc_year":2023,"priceEp_value":2.7527252355,"priceEp_year":2023,"priceTotal_value":5.7881654078,"priceTotal_year":2023},"64":{"nom":"PYRENEES-ATLANTIQUES (64)","priceAc_value":2.5977032053,"priceAc_year":2023,"priceEp_value":2.1,"priceEp_year":2024,"priceTotal_value":4.8124079573,"priceTotal_year":2023},"79":{"nom":"DEUX-SEVRES (79)","priceAc_value":2.7452803072,"priceAc_year":2023,"priceEp_value":2.8394308463,"priceEp_year":2023,"priceTotal_value":5.5847111535,"priceTotal_year":2023},"86":{"nom":"VIENNE (86)","priceAc_value":2.3508908887,"priceAc_year":2023,"priceEp_value":2.6877118509,"priceEp_year":2023,"priceTotal_value":5.0386027396,"priceTotal_year":2023},"87":{"nom":"HAUTE-VIENNE (87)","priceAc_value":1.9834926037,"priceAc_year":2023,"priceEp_value":2.2463829675,"priceEp_year":2023,"priceTotal_value":4.2298755711,"priceTotal_year":2023},"22":{"nom":"COTES-D'ARMOR (22)","priceAc_value":3.374628003,"priceAc_year":2023,"priceEp_value":2.9002986527,"priceEp_year":2023,"priceTotal_value":6.2749266557,"priceTotal_year":2023},"29":{"nom":"FINISTERE (29)","priceAc_value":2.740341625,"priceAc_year":2023,"priceEp_value":2.5153980914,"priceEp_year":2023,"priceTotal_value":5.2557397164,"priceTotal_year":2023},"35":{"nom":"ILLE-ET-VILAINE (35)","priceAc_value":2.49,"priceAc_year":2024,"priceEp_value":2.6735848014,"priceEp_year":2023,"priceTotal_value":5.004631952,"priceTotal_year":2023},"56":{"nom":"MORBIHAN (56)","priceAc_value":2.9770166839,"priceAc_year":2023,"priceEp_value":2.4128080108,"priceEp_year":2023,"priceTotal_value":5.3898246948,"priceTotal_year":2023},"976":{"nom":"MAYOTTE (976)","priceAc_value":3.42,"priceAc_year":2023,"priceEp_value":2.39,"priceEp_year":2023,"priceTotal_value":5.81,"priceTotal_year":2023},"974":{"nom":"REUNION (974)","priceAc_value":1.5579011446,"priceAc_year":2023,"priceEp_value":1.3674001593,"priceEp_year":2023,"priceTotal_value":2.9253013039,"priceTotal_year":2023},"971":{"nom":"GUADELOUPE (971)","priceAc_value":2.4309877389,"priceAc_year":2023,"priceEp_value":2.7666290484,"priceEp_year":2023,"priceTotal_value":5.1976167873,"priceTotal_year":2023},"14":{"nom":"CALVADOS (14)","priceAc_value":1.06,"priceAc_year":2024,"priceEp_value":2.6122986444,"priceEp_year":2023,"priceTotal_value":4.9035634872,"priceTotal_year":2023},"27":{"nom":"EURE (27)","priceAc_value":3.072158559,"priceAc_year":2024,"priceEp_value":2.4223895703,"priceEp_year":2023,"priceTotal_value":4.7918176924,"priceTotal_year":2023},"50":{"nom":"MANCHE (50)","priceAc_value":3.1105915324,"priceAc_year":2023,"priceEp_value":2.6503519106,"priceEp_year":2023,"priceTotal_value":5.7609434429,"priceTotal_year":2023},"61":{"nom":"ORNE (61)","priceAc_value":5.49,"priceAc_year":2024,"priceEp_value":2.8128232252,"priceEp_year":2023,"priceTotal_value":5.7977112478,"priceTotal_year":2023},"76":{"nom":"SEINE-MARITIME (76)","priceAc_value":2.5962687838,"priceAc_year":2023,"priceEp_value":2.3753255934,"priceEp_year":2023,